Stock,Date,Close,Predicted,Probability,Future_Close,Actual,Result
RELIANCE,2025-07-30,1410.0999755859375,DOWN,0.5378455512959995,1392.800048828125,DOWN,CORRECT
RELIANCE,2025-07-31,1390.199951171875,DOWN,0.5286065600290646,1389.4000244140625,DOWN,CORRECT
RELIANCE,2025-08-01,1393.699951171875,DOWN,0.5322349666033561,1367.800048828125,DOWN,CORRECT
RELIANCE,2025-08-04,1411.5,DOWN,0.5531065651994517,1386.199951171875,DOWN,CORRECT
RELIANCE,2025-08-05,1391.699951171875,DOWN,0.5369532107765902,1380.4000244140625,DOWN,CORRECT
RELIANCE,2025-08-06,1392.800048828125,DOWN,0.5160356632745524,1382.5999755859375,DOWN,CORRECT
RELIANCE,2025-08-07,1389.4000244140625,DOWN,0.505165085093864,1373.800048828125,DOWN,CORRECT
RELIANCE,2025-08-08,1367.800048828125,UP,0.5079009722374191,1381.699951171875,UP,CORRECT
RELIANCE,2025-08-11,1386.199951171875,DOWN,0.5121486935475792,1420.0999755859375,UP,WRONG
RELIANCE,2025-08-12,1380.4000244140625,DOWN,0.5005001203448567,1413.0,UP,WRONG
RELIANCE,2025-08-13,1382.5999755859375,DOWN,0.5007067676305275,1424.800048828125,UP,WRONG
RELIANCE,2025-08-14,1373.800048828125,DOWN,0.5090455655160779,1409.199951171875,UP,WRONG
RELIANCE,2025-08-18,1381.699951171875,DOWN,0.522004258721667,1412.5999755859375,UP,WRONG
RELIANCE,2025-08-19,1420.0999755859375,DOWN,0.5603614095536322,1384.9000244140625,DOWN,CORRECT
RELIANCE,2025-08-20,1413.0,DOWN,0.547940479599297,1385.9000244140625,DOWN,CORRECT
RELIANCE,2025-08-21,1424.800048828125,DOWN,0.5691319466140587,1357.199951171875,DOWN,CORRECT
RELIANCE,2025-08-22,1409.199951171875,DOWN,0.5344015422323096,1353.9000244140625,DOWN,CORRECT
RELIANCE,2025-08-25,1412.5999755859375,DOWN,0.5395498171850572,1366.5,DOWN,CORRECT
RELIANCE,2025-08-26,1384.9000244140625,DOWN,0.507421757789706,1372.5999755859375,DOWN,CORRECT
RELIANCE,2025-08-28,1385.9000244140625,UP,0.5023828727176916,1359.300048828125,DOWN,WRONG
RELIANCE,2025-08-29,1357.199951171875,UP,0.5198938863774899,1375.0,UP,CORRECT
RELIANCE,2025-09-01,1353.9000244140625,UP,0.5261362740330544,1378.5,UP,CORRECT
RELIANCE,2025-09-02,1366.5,UP,0.5041837723629157,1376.199951171875,UP,CORRECT
RELIANCE,2025-09-03,1372.5999755859375,DOWN,0.5008564180806456,1377.0,UP,WRONG
RELIANCE,2025-09-04,1359.300048828125,UP,0.5032258617839371,1383.300048828125,UP,CORRECT
RELIANCE,2025-09-05,1375.0,DOWN,0.5375099259091757,1395.0,UP,WRONG
RELIANCE,2025-09-08,1378.5,DOWN,0.5406595937562493,1399.300048828125,UP,WRONG
RELIANCE,2025-09-09,1376.199951171875,DOWN,0.5461061597411496,1405.300048828125,UP,WRONG
RELIANCE,2025-09-10,1377.0,DOWN,0.5391537328586864,1413.800048828125,UP,WRONG
RELIANCE,2025-09-11,1383.300048828125,DOWN,0.5545325886034205,1415.0,UP,WRONG
RELIANCE,2025-09-12,1395.0,DOWN,0.5576680475674936,1407.4000244140625,UP,WRONG
RELIANCE,2025-09-15,1399.300048828125,DOWN,0.5633784853582788,1390.5999755859375,DOWN,CORRECT
RELIANCE,2025-09-16,1405.300048828125,DOWN,0.5588894267975988,1389.800048828125,DOWN,CORRECT
RELIANCE,2025-09-17,1413.800048828125,DOWN,0.568489434444788,1383.0,DOWN,CORRECT
RELIANCE,2025-09-18,1415.0,DOWN,0.5774452346135257,1372.4000244140625,DOWN,CORRECT
RELIANCE,2025-09-19,1407.4000244140625,DOWN,0.5644342112435494,1377.5999755859375,DOWN,CORRECT
RELIANCE,2025-09-22,1390.5999755859375,DOWN,0.5184144023035983,1372.800048828125,DOWN,CORRECT
RELIANCE,2025-09-23,1389.800048828125,DOWN,0.5296496677459626,1364.0,DOWN,CORRECT
RELIANCE,2025-09-24,1383.0,DOWN,0.5159390077860305,1368.699951171875,DOWN,CORRECT
RELIANCE,2025-09-25,1372.4000244140625,DOWN,0.5013399143300706,1363.4000244140625,DOWN,CORRECT
RELIANCE,2025-09-26,1377.5999755859375,DOWN,0.5159424766663085,1375.0,DOWN,CORRECT
RELIANCE,2025-09-29,1372.800048828125,DOWN,0.5130290362517079,1384.800048828125,UP,WRONG
RELIANCE,2025-09-30,1364.0,DOWN,0.5064985155185844,1367.4000244140625,UP,WRONG
RELIANCE,2025-10-01,1368.699951171875,DOWN,0.5224804371840737,1377.800048828125,UP,WRONG
RELIANCE,2025-10-03,1363.4000244140625,DOWN,0.5177737388417509,1381.699951171875,UP,WRONG
RELIANCE,2025-10-06,1375.0,DOWN,0.5543319561018549,1375.0,DOWN,CORRECT
RELIANCE,2025-10-07,1384.800048828125,DOWN,0.5759164578595094,1375.9000244140625,DOWN,CORRECT
RELIANCE,2025-10-08,1367.4000244140625,DOWN,0.5340106306674062,1374.300048828125,UP,WRONG
RELIANCE,2025-10-09,1377.800048828125,DOWN,0.5504800260365121,1398.300048828125,UP,WRONG
RELIANCE,2025-10-10,1381.699951171875,DOWN,0.5574115449005599,1416.800048828125,UP,WRONG
RELIANCE,2025-10-13,1375.0,DOWN,0.5408615070223279,1466.800048828125,UP,WRONG
RELIANCE,2025-10-14,1375.9000244140625,DOWN,0.5380139759797796,1465.199951171875,UP,WRONG
RELIANCE,2025-10-15,1374.300048828125,DOWN,0.5388949102110127,1448.4000244140625,UP,WRONG
RELIANCE,2025-10-16,1398.300048828125,DOWN,0.5860385806152091,1451.5999755859375,UP,WRONG
RELIANCE,2025-10-17,1416.800048828125,DOWN,0.606782672557822,1484.0999755859375,UP,WRONG
RELIANCE,2025-10-20,1466.800048828125,DOWN,0.6340542040715244,1486.9000244140625,UP,WRONG
RELIANCE,2025-10-21,1465.199951171875,DOWN,0.6120951007856837,1504.199951171875,UP,WRONG
RELIANCE,2025-10-23,1448.4000244140625,DOWN,0.5831401510085115,1488.5,UP,WRONG
RELIANCE,2025-10-24,1451.5999755859375,DOWN,0.5853895657581507,1486.4000244140625,UP,WRONG
RELIANCE,2025-10-27,1484.0999755859375,DOWN,0.5916913984637171,1484.699951171875,UP,WRONG
RELIANCE,2025-10-28,1486.9000244140625,DOWN,0.5994109999102177,1473.0999755859375,DOWN,CORRECT
RELIANCE,2025-10-29,1504.199951171875,DOWN,0.602779886270748,1496.0999755859375,DOWN,CORRECT
RELIANCE,2025-10-30,1488.5,DOWN,0.563889675211419,1478.0,DOWN,CORRECT
RELIANCE,2025-10-31,1486.4000244140625,DOWN,0.5618617543089299,1489.300048828125,UP,WRONG
RELIANCE,2025-11-03,1484.699951171875,DOWN,0.5596511259185517,1493.4000244140625,UP,WRONG
RELIANCE,2025-11-04,1473.0999755859375,DOWN,0.5508620616369024,1511.5,UP,WRONG
RELIANCE,2025-11-06,1496.0999755859375,DOWN,0.5834196694517523,1510.9000244140625,UP,WRONG
RELIANCE,2025-11-07,1478.0,DOWN,0.5723861949230074,1518.9000244140625,UP,WRONG
RELIANCE,2025-11-10,1489.300048828125,DOWN,0.5823854535972202,1518.300048828125,UP,WRONG
RELIANCE,2025-11-11,1493.4000244140625,DOWN,0.5797868328392118,1519.4000244140625,UP,WRONG
RELIANCE,2025-11-12,1511.5,DOWN,0.5961297837696482,1518.9000244140625,UP,WRONG
RELIANCE,2025-11-13,1510.9000244140625,DOWN,0.6104595867040017,1549.0999755859375,UP,WRONG
RELIANCE,2025-11-14,1518.9000244140625,DOWN,0.6199955153710877,1546.5999755859375,UP,WRONG
RELIANCE,2025-11-17,1518.300048828125,DOWN,0.6286872224007451,1535.9000244140625,UP,WRONG
RELIANCE,2025-11-18,1519.4000244140625,DOWN,0.6267049834413976,1539.699951171875,UP,WRONG
RELIANCE,2025-11-19,1518.9000244140625,DOWN,0.6255090221910862,1569.9000244140625,UP,WRONG
RELIANCE,2025-11-20,1549.0999755859375,DOWN,0.6502253784889297,1563.4000244140625,UP,WRONG
RELIANCE,2025-11-21,1546.5999755859375,DOWN,0.6341908836964034,1567.5,UP,WRONG
RELIANCE,2025-11-24,1535.9000244140625,DOWN,0.6229705045246561,1566.0999755859375,UP,WRONG
RELIANCE,2025-11-25,1539.699951171875,DOWN,0.6141875626257152,1546.300048828125,UP,WRONG
RELIANCE,2025-11-26,1569.9000244140625,DOWN,0.6373558547463691,1538.800048828125,DOWN,CORRECT
RELIANCE,2025-11-27,1563.4000244140625,DOWN,0.6216243699327633,1535.5999755859375,DOWN,CORRECT
RELIANCE,2025-11-28,1567.5,DOWN,0.6340727253202414,1540.5999755859375,DOWN,CORRECT
RELIANCE,2025-12-01,1566.0999755859375,DOWN,0.6328490150945223,1543.0,DOWN,CORRECT
RELIANCE,2025-12-02,1546.300048828125,DOWN,0.5896173086368585,1529.4000244140625,DOWN,CORRECT
RELIANCE,2025-12-03,1538.800048828125,DOWN,0.5744085174737652,1536.9000244140625,DOWN,CORRECT
RELIANCE,2025-12-04,1535.5999755859375,DOWN,0.5694532617650047,1545.0,UP,WRONG
RELIANCE,2025-12-05,1540.5999755859375,DOWN,0.5787554635770394,1556.5,UP,WRONG
RELIANCE,2025-12-08,1543.0,DOWN,0.6015605197843176,1556.199951171875,UP,WRONG
RELIANCE,2025-12-09,1529.4000244140625,DOWN,0.5709437728697004,1542.300048828125,UP,WRONG
RELIANCE,2025-12-10,1536.9000244140625,DOWN,0.5814987710214604,1544.4000244140625,UP,WRONG
RELIANCE,2025-12-11,1545.0,DOWN,0.5957547812366123,1544.4000244140625,DOWN,CORRECT
RELIANCE,2025-12-12,1556.5,DOWN,0.6286676451078976,1565.0999755859375,UP,WRONG
RELIANCE,2025-12-15,1556.199951171875,DOWN,0.6280671851154429,1575.4000244140625,UP,WRONG
RELIANCE,2025-12-16,1542.300048828125,DOWN,0.5994920541474333,1570.699951171875,UP,WRONG
RELIANCE,2025-12-17,1544.4000244140625,DOWN,0.604604168304227,1558.199951171875,UP,WRONG
RELIANCE,2025-12-18,1544.4000244140625,DOWN,0.5978479558750733,1559.199951171875,UP,WRONG
RELIANCE,2025-12-19,1565.0999755859375,DOWN,0.6304179665925979,1545.5999755859375,DOWN,CORRECT
RELIANCE,2025-12-22,1575.4000244140625,DOWN,0.6410069570822787,1539.800048828125,DOWN,CORRECT
RELIANCE,2025-12-23,1570.699951171875,DOWN,0.6298152355786888,1570.4000244140625,DOWN,CORRECT
TCS,2025-07-30,3053.60009765625,UP,0.7852516770362854,3032.300048828125,DOWN,WRONG
TCS,2025-07-31,3036.800048828125,UP,0.7952929735183716,3047.0,UP,CORRECT
TCS,2025-08-01,3003.0,UP,0.7925742864608765,3036.39990234375,UP,CORRECT
TCS,2025-08-04,3074.39990234375,UP,0.8009700179100037,3040.800048828125,DOWN,WRONG
TCS,2025-08-05,3063.89990234375,UP,0.7819572687149048,3035.39990234375,DOWN,WRONG
TCS,2025-08-06,3032.300048828125,UP,0.7794926166534424,3036.199951171875,UP,CORRECT
TCS,2025-08-07,3047.0,UP,0.8009700179100037,3022.300048828125,DOWN,WRONG
TCS,2025-08-08,3036.39990234375,UP,0.8009700179100037,3011.199951171875,DOWN,WRONG
TCS,2025-08-11,3040.800048828125,UP,0.7819572687149048,3016.199951171875,DOWN,WRONG
TCS,2025-08-12,3035.39990234375,UP,0.8184347748756409,3098.60009765625,UP,CORRECT
TCS,2025-08-13,3036.199951171875,UP,0.8255128264427185,3102.60009765625,UP,CORRECT
TCS,2025-08-14,3022.300048828125,UP,0.8268475532531738,3054.0,UP,CORRECT
TCS,2025-08-18,3011.199951171875,UP,0.8223223090171814,3140.60009765625,UP,CORRECT
TCS,2025-08-19,3016.199951171875,UP,0.7996006011962891,3157.199951171875,UP,CORRECT
TCS,2025-08-20,3098.60009765625,UP,0.7018289566040039,3093.699951171875,DOWN,WRONG
TCS,2025-08-21,3102.60009765625,UP,0.7117529511451721,3084.699951171875,DOWN,WRONG
TCS,2025-08-22,3054.0,UP,0.6860967874526978,3112.60009765625,UP,CORRECT
TCS,2025-08-25,3140.60009765625,UP,0.6924791932106018,3111.5,DOWN,WRONG
TCS,2025-08-26,3157.199951171875,UP,0.7008330225944519,3097.5,DOWN,WRONG
TCS,2025-08-28,3093.699951171875,UP,0.6862682104110718,3095.699951171875,UP,CORRECT
TCS,2025-08-29,3084.699951171875,UP,0.6892014741897583,3048.300048828125,DOWN,WRONG
TCS,2025-09-01,3112.60009765625,UP,0.6927952170372009,3019.0,DOWN,WRONG
TCS,2025-09-02,3111.5,UP,0.6761711835861206,3049.39990234375,DOWN,WRONG
TCS,2025-09-03,3097.5,UP,0.6751999855041504,3110.0,UP,CORRECT
TCS,2025-09-04,3095.699951171875,UP,0.672034740447998,3124.199951171875,UP,CORRECT
TCS,2025-09-05,3048.300048828125,UP,0.6892014741897583,3133.39990234375,UP,CORRECT
TCS,2025-09-08,3019.0,UP,0.7107391357421875,3111.89990234375,UP,CORRECT
TCS,2025-09-09,3049.39990234375,UP,0.6892014741897583,3145.699951171875,UP,CORRECT
TCS,2025-09-10,3110.0,UP,0.6826914548873901,3172.800048828125,UP,CORRECT
TCS,2025-09-11,3124.199951171875,UP,0.6892014741897583,3176.699951171875,UP,CORRECT
TCS,2025-09-12,3133.39990234375,UP,0.672034740447998,3169.199951171875,UP,CORRECT
TCS,2025-09-15,3111.89990234375,UP,0.6657998561859131,3073.800048828125,DOWN,WRONG
TCS,2025-09-16,3145.699951171875,UP,0.6352363228797913,3062.39990234375,DOWN,WRONG
TCS,2025-09-17,3172.800048828125,UP,0.6250395774841309,3035.39990234375,DOWN,WRONG
TCS,2025-09-18,3176.699951171875,UP,0.6131913065910339,2957.39990234375,DOWN,WRONG
TCS,2025-09-19,3169.199951171875,UP,0.6015787720680237,2899.10009765625,DOWN,WRONG
TCS,2025-09-22,3073.800048828125,UP,0.6386396884918213,2896.10009765625,DOWN,WRONG
TCS,2025-09-23,3062.39990234375,UP,0.6386396884918213,2888.39990234375,DOWN,WRONG
TCS,2025-09-24,3035.39990234375,UP,0.6657998561859131,2914.199951171875,DOWN,WRONG
TCS,2025-09-25,2957.39990234375,UP,0.7555379867553711,2901.89990234375,DOWN,WRONG
TCS,2025-09-26,2899.10009765625,UP,0.7416377067565918,2988.39990234375,UP,CORRECT
TCS,2025-09-29,2896.10009765625,UP,0.7290034890174866,2973.699951171875,UP,CORRECT
TCS,2025-09-30,2888.39990234375,UP,0.7290034890174866,3027.199951171875,UP,CORRECT
TCS,2025-10-01,2914.199951171875,UP,0.6972396373748779,3061.699951171875,UP,CORRECT
TCS,2025-10-03,2901.89990234375,UP,0.7368952035903931,3028.300048828125,UP,CORRECT
TCS,2025-10-06,2988.39990234375,UP,0.5890722274780273,3007.199951171875,UP,CORRECT
TCS,2025-10-07,2973.699951171875,UP,0.6015641093254089,2960.300048828125,DOWN,WRONG
TCS,2025-10-08,3027.199951171875,UP,0.6237866878509521,2969.800048828125,DOWN,WRONG
TCS,2025-10-09,3061.699951171875,UP,0.7089014649391174,2970.699951171875,DOWN,WRONG
TCS,2025-10-10,3028.300048828125,UP,0.7169914841651917,2962.199951171875,DOWN,WRONG
TCS,2025-10-13,3007.199951171875,UP,0.6892014741897583,3015.199951171875,UP,CORRECT
TCS,2025-10-14,2960.300048828125,UP,0.7089014649391174,3006.699951171875,UP,CORRECT
TCS,2025-10-15,2969.800048828125,UP,0.7026852369308472,3073.199951171875,UP,CORRECT
TCS,2025-10-16,2970.699951171875,UP,0.7026852369308472,3063.199951171875,UP,CORRECT
TCS,2025-10-17,2962.199951171875,UP,0.7026852369308472,3084.89990234375,UP,CORRECT
TCS,2025-10-20,3015.199951171875,UP,0.6721817851066589,3057.89990234375,UP,CORRECT
TCS,2025-10-21,3006.699951171875,UP,0.6824032068252563,3057.60009765625,UP,CORRECT
TCS,2025-10-23,3073.199951171875,UP,0.710877537727356,3035.300048828125,DOWN,WRONG
TCS,2025-10-24,3063.199951171875,UP,0.6721817851066589,3058.0,DOWN,WRONG
TCS,2025-10-27,3084.89990234375,UP,0.6233558654785156,3016.800048828125,DOWN,WRONG
TCS,2025-10-28,3057.89990234375,UP,0.6462370753288269,2990.199951171875,DOWN,WRONG
TCS,2025-10-29,3057.60009765625,UP,0.6245423555374146,3010.89990234375,DOWN,WRONG
TCS,2025-10-30,3035.300048828125,UP,0.6245423555374146,2991.800048828125,DOWN,WRONG
TCS,2025-10-31,3058.0,UP,0.6130293011665344,3025.199951171875,DOWN,WRONG
TCS,2025-11-03,3016.800048828125,UP,0.6211501359939575,3047.0,UP,CORRECT
TCS,2025-11-04,2990.199951171875,UP,0.6270430088043213,3131.800048828125,UP,CORRECT
TCS,2025-11-06,3010.89990234375,UP,0.6865447163581848,3105.699951171875,UP,CORRECT
TCS,2025-11-07,2991.800048828125,UP,0.6689956188201904,3106.0,UP,CORRECT
TCS,2025-11-10,3025.199951171875,UP,0.6657998561859131,3102.199951171875,UP,CORRECT
TCS,2025-11-11,3047.0,UP,0.6347447037696838,3087.10009765625,UP,CORRECT
TCS,2025-11-12,3131.800048828125,UP,0.6429937481880188,3147.699951171875,UP,CORRECT
TCS,2025-11-13,3105.699951171875,UP,0.5944229960441589,3144.800048828125,UP,CORRECT
TCS,2025-11-14,3106.0,UP,0.6170501708984375,3150.60009765625,UP,CORRECT
TCS,2025-11-17,3102.199951171875,UP,0.6170501708984375,3141.199951171875,UP,CORRECT
TCS,2025-11-18,3087.10009765625,UP,0.6170501708984375,3119.199951171875,UP,CORRECT
TCS,2025-11-19,3147.699951171875,UP,0.6099516749382019,3162.89990234375,UP,CORRECT
TCS,2025-11-20,3144.800048828125,UP,0.6099516749382019,3136.60009765625,DOWN,WRONG
TCS,2025-11-21,3150.60009765625,UP,0.6319926381111145,3137.5,DOWN,WRONG
TCS,2025-11-24,3141.199951171875,UP,0.6411380767822266,3133.39990234375,DOWN,WRONG
TCS,2025-11-25,3119.199951171875,UP,0.6099516749382019,3135.699951171875,UP,CORRECT
TCS,2025-11-26,3162.89990234375,UP,0.6099516749382019,3180.0,UP,CORRECT
TCS,2025-11-27,3136.60009765625,UP,0.6099516749382019,3229.199951171875,UP,CORRECT
TCS,2025-11-28,3137.5,UP,0.5944229960441589,3238.199951171875,UP,CORRECT
TCS,2025-12-01,3133.39990234375,UP,0.5944229960441589,3236.5,UP,CORRECT
TCS,2025-12-02,3135.699951171875,UP,0.6133146286010742,3208.300048828125,UP,CORRECT
TCS,2025-12-03,3180.0,UP,0.6002334952354431,3189.199951171875,UP,CORRECT
TCS,2025-12-04,3229.199951171875,UP,0.5947244763374329,3191.89990234375,DOWN,WRONG
TCS,2025-12-05,3238.199951171875,UP,0.539442777633667,3220.5,DOWN,WRONG
TCS,2025-12-08,3236.5,UP,0.5070949196815491,3230.199951171875,DOWN,WRONG
TCS,2025-12-09,3208.300048828125,UP,0.5187346339225769,3205.10009765625,DOWN,WRONG
TCS,2025-12-10,3189.199951171875,DOWN,0.5010031461715698,3217.800048828125,UP,WRONG
TCS,2025-12-11,3191.89990234375,UP,0.5025960206985474,3280.800048828125,UP,CORRECT
TCS,2025-12-12,3220.5,UP,0.5267955660820007,3282.0,UP,CORRECT
TCS,2025-12-15,3230.199951171875,DOWN,0.5010031461715698,3324.89990234375,UP,WRONG
TCS,2025-12-16,3205.10009765625,DOWN,0.5010031461715698,3310.0,UP,WRONG
TCS,2025-12-17,3217.800048828125,UP,0.5626344680786133,3319.0,UP,CORRECT
TCS,2025-12-18,3280.800048828125,UP,0.5070949196815491,3280.0,DOWN,WRONG
TCS,2025-12-19,3282.0,UP,0.5380488038063049,3251.5,DOWN,WRONG
TCS,2025-12-22,3324.89990234375,DOWN,0.5208949446678162,3246.800048828125,DOWN,CORRECT
TCS,2025-12-23,3310.0,DOWN,0.5208949446678162,3206.199951171875,DOWN,CORRECT
HDFCBANK,2025-07-30,1012.9000244140624,DOWN,0.7301640510559082,992.6500244140624,DOWN,CORRECT
HDFCBANK,2025-07-31,1009.0999755859376,DOWN,0.686631441116333,997.7000122070312,DOWN,CORRECT
HDFCBANK,2025-08-01,1006.0999755859376,DOWN,0.686631441116333,986.9500122070312,DOWN,CORRECT
HDFCBANK,2025-08-04,996.0,DOWN,0.6864859461784363,997.7999877929688,UP,WRONG
HDFCBANK,2025-08-05,988.7999877929688,DOWN,0.6779674291610718,984.9500122070312,DOWN,CORRECT
HDFCBANK,2025-08-06,992.6500244140624,DOWN,0.682774007320404,990.1500244140624,DOWN,CORRECT
HDFCBANK,2025-08-07,997.7000122070312,DOWN,0.7176880836486816,995.5499877929688,DOWN,CORRECT
HDFCBANK,2025-08-08,986.9500122070312,DOWN,0.7096588015556335,1001.7999877929688,UP,WRONG
HDFCBANK,2025-08-11,997.7999877929688,DOWN,0.7389928102493286,995.5499877929688,DOWN,CORRECT
HDFCBANK,2025-08-12,984.9500122070312,DOWN,0.7604235410690308,994.0999755859376,UP,WRONG
HDFCBANK,2025-08-13,990.1500244140624,DOWN,0.7604235410690308,995.5999755859376,UP,WRONG
HDFCBANK,2025-08-14,995.5499877929688,DOWN,0.7675088047981262,982.2999877929688,DOWN,CORRECT
HDFCBANK,2025-08-18,1001.7999877929688,DOWN,0.7675088047981262,982.0499877929688,DOWN,CORRECT
HDFCBANK,2025-08-19,995.5499877929688,DOWN,0.7675088047981262,973.4000244140624,DOWN,CORRECT
HDFCBANK,2025-08-20,994.0999755859376,DOWN,0.779848575592041,957.7999877929688,DOWN,CORRECT
HDFCBANK,2025-08-21,995.5999755859376,DOWN,0.7675088047981262,951.5999755859376,DOWN,CORRECT
HDFCBANK,2025-08-22,982.2999877929688,DOWN,0.7604235410690308,950.5999755859376,DOWN,CORRECT
HDFCBANK,2025-08-25,982.0499877929688,DOWN,0.7604235410690308,944.5,DOWN,CORRECT
HDFCBANK,2025-08-26,973.4000244140624,DOWN,0.7604235410690308,954.4500122070312,DOWN,CORRECT
HDFCBANK,2025-08-28,957.7999877929688,DOWN,0.7653088569641113,961.25,UP,WRONG
HDFCBANK,2025-08-29,951.5999755859376,DOWN,0.7653088569641113,963.4000244140624,UP,WRONG
HDFCBANK,2025-09-01,950.5999755859376,DOWN,0.7653088569641113,966.0,UP,WRONG
HDFCBANK,2025-09-02,944.5,DOWN,0.7017161846160889,965.1500244140624,UP,WRONG
HDFCBANK,2025-09-03,954.4500122070312,DOWN,0.7017161846160889,965.9000244140624,UP,WRONG
HDFCBANK,2025-09-04,961.25,DOWN,0.6946066617965698,967.7999877929688,UP,WRONG
HDFCBANK,2025-09-05,963.4000244140624,DOWN,0.7238186597824097,967.2999877929688,UP,WRONG
HDFCBANK,2025-09-08,966.0,DOWN,0.7591949105262756,967.0499877929688,UP,WRONG
HDFCBANK,2025-09-09,965.1500244140624,DOWN,0.7591949105262756,966.8499755859376,UP,WRONG
HDFCBANK,2025-09-10,965.9000244140624,DOWN,0.7591949105262756,966.5,UP,WRONG
HDFCBANK,2025-09-11,967.7999877929688,DOWN,0.7591949105262756,976.9000244140624,UP,WRONG
HDFCBANK,2025-09-12,967.2999877929688,DOWN,0.7591949105262756,966.9000244140624,DOWN,CORRECT
HDFCBANK,2025-09-15,967.0499877929688,DOWN,0.7591949105262756,964.2000122070312,DOWN,CORRECT
HDFCBANK,2025-09-16,966.8499755859376,DOWN,0.7712723016738892,957.2000122070312,DOWN,CORRECT
HDFCBANK,2025-09-17,966.5,DOWN,0.7712723016738892,951.0499877929688,DOWN,CORRECT
HDFCBANK,2025-09-18,976.9000244140624,DOWN,0.7792904376983643,949.8499755859376,DOWN,CORRECT
HDFCBANK,2025-09-19,966.9000244140624,DOWN,0.7685942649841309,945.0499877929688,DOWN,CORRECT
HDFCBANK,2025-09-22,964.2000122070312,DOWN,0.7708474397659302,950.2999877929688,DOWN,CORRECT
HDFCBANK,2025-09-23,957.2000122070312,DOWN,0.7685942649841309,951.0,DOWN,CORRECT
HDFCBANK,2025-09-24,951.0499877929688,DOWN,0.7653088569641113,965.25,UP,WRONG
HDFCBANK,2025-09-25,949.8499755859376,DOWN,0.7733626365661621,965.1500244140624,UP,WRONG
HDFCBANK,2025-09-26,945.0499877929688,DOWN,0.7733626365661621,973.4500122070312,UP,WRONG
HDFCBANK,2025-09-29,950.2999877929688,DOWN,0.7591949105262756,982.5,UP,WRONG
HDFCBANK,2025-09-30,951.0,DOWN,0.7591949105262756,978.7000122070312,UP,WRONG
HDFCBANK,2025-10-01,965.25,DOWN,0.7663053870201111,977.0999755859376,UP,WRONG
HDFCBANK,2025-10-03,965.1500244140624,DOWN,0.7675088047981262,980.9000244140624,UP,WRONG
HDFCBANK,2025-10-06,973.4500122070312,DOWN,0.7675088047981262,977.0,UP,WRONG
HDFCBANK,2025-10-07,982.5,DOWN,0.7342689037322998,977.1500244140624,DOWN,CORRECT
HDFCBANK,2025-10-08,978.7000122070312,DOWN,0.7675088047981262,978.25,DOWN,CORRECT
HDFCBANK,2025-10-09,977.0999755859376,DOWN,0.7747237682342529,994.3499755859376,UP,WRONG
HDFCBANK,2025-10-10,980.9000244140624,DOWN,0.7381658554077148,1002.5499877929688,UP,WRONG
HDFCBANK,2025-10-13,977.0,DOWN,0.7381658554077148,1002.9500122070312,UP,WRONG
HDFCBANK,2025-10-14,977.1500244140624,DOWN,0.7269968390464783,1007.7000122070312,UP,WRONG
HDFCBANK,2025-10-15,978.25,DOWN,0.7237157821655273,1008.7999877929688,UP,WRONG
HDFCBANK,2025-10-16,994.3499755859376,DOWN,0.7576191425323486,994.75,UP,WRONG
HDFCBANK,2025-10-17,1002.5499877929688,DOWN,0.7418506741523743,1002.9500122070312,UP,WRONG
HDFCBANK,2025-10-20,1002.9500122070312,DOWN,0.7418506741523743,1003.5499877929688,UP,WRONG
HDFCBANK,2025-10-21,1007.7000122070312,DOWN,0.7183409929275513,1007.8499755859376,UP,WRONG
HDFCBANK,2025-10-23,1008.7999877929688,DOWN,0.6728577613830566,998.1500244140624,DOWN,CORRECT
HDFCBANK,2025-10-24,994.75,DOWN,0.6559675335884094,987.2999877929688,DOWN,CORRECT
HDFCBANK,2025-10-27,1002.9500122070312,DOWN,0.7380878925323486,992.6500244140624,DOWN,CORRECT
HDFCBANK,2025-10-28,1003.5499877929688,DOWN,0.6769169569015503,985.25,DOWN,CORRECT
HDFCBANK,2025-10-29,1007.8499755859376,DOWN,0.7418506741523743,984.6500244140624,DOWN,CORRECT
HDFCBANK,2025-10-30,998.1500244140624,DOWN,0.701910674571991,982.2999877929688,DOWN,CORRECT
HDFCBANK,2025-10-31,987.2999877929688,DOWN,0.6559675335884094,984.5,DOWN,CORRECT
HDFCBANK,2025-11-03,992.6500244140624,DOWN,0.6956424713134766,991.7000122070312,DOWN,CORRECT
HDFCBANK,2025-11-04,985.25,DOWN,0.661026120185852,989.5,UP,WRONG
HDFCBANK,2025-11-06,984.6500244140624,DOWN,0.660874605178833,986.6500244140624,UP,WRONG
HDFCBANK,2025-11-07,982.2999877929688,DOWN,0.6520129442214966,989.5999755859376,UP,WRONG
HDFCBANK,2025-11-10,984.5,DOWN,0.660874605178833,996.5499877929688,UP,WRONG
HDFCBANK,2025-11-11,991.7000122070312,DOWN,0.6693426370620728,992.4500122070312,UP,WRONG
HDFCBANK,2025-11-12,989.5,DOWN,0.6658105254173279,994.5999755859376,UP,WRONG
HDFCBANK,2025-11-13,986.6500244140624,DOWN,0.7176880836486816,1008.8499755859376,UP,WRONG
HDFCBANK,2025-11-14,989.5999755859376,DOWN,0.7176880836486816,998.0499877929688,UP,WRONG
HDFCBANK,2025-11-17,996.5499877929688,DOWN,0.7000976204872131,999.1500244140624,UP,WRONG
HDFCBANK,2025-11-18,992.4500122070312,DOWN,0.7000976204872131,989.7999877929688,DOWN,CORRECT
HDFCBANK,2025-11-19,994.5999755859376,DOWN,0.6912232637405396,1003.9000244140624,UP,WRONG
HDFCBANK,2025-11-20,1008.8499755859376,DOWN,0.754010021686554,1009.5,UP,WRONG
HDFCBANK,2025-11-21,998.0499877929688,DOWN,0.6864859461784363,1007.5999755859376,UP,WRONG
HDFCBANK,2025-11-24,999.1500244140624,DOWN,0.6954993605613708,1002.0999755859376,UP,WRONG
HDFCBANK,2025-11-25,989.7999877929688,DOWN,0.660874605178833,989.7999877929688,DOWN,CORRECT
HDFCBANK,2025-11-26,1003.9000244140624,DOWN,0.6998158693313599,1000.5,DOWN,CORRECT
HDFCBANK,2025-11-27,1009.5,DOWN,0.6998158693313599,997.2000122070312,DOWN,CORRECT
HDFCBANK,2025-11-28,1007.5999755859376,DOWN,0.6998158693313599,1003.2999877929688,DOWN,CORRECT
HDFCBANK,2025-12-01,1002.0999755859376,DOWN,0.6998158693313599,1003.0999755859376,UP,WRONG
HDFCBANK,2025-12-02,989.7999877929688,DOWN,0.6520129442214966,997.0999755859376,UP,WRONG
HDFCBANK,2025-12-03,1000.5,DOWN,0.660874605178833,989.7999877929688,DOWN,CORRECT
HDFCBANK,2025-12-04,997.2000122070312,DOWN,0.660874605178833,1000.2999877929688,UP,WRONG
HDFCBANK,2025-12-05,1003.2999877929688,DOWN,0.660874605178833,1001.5,DOWN,CORRECT
HDFCBANK,2025-12-08,1003.0999755859376,DOWN,0.660874605178833,996.0999755859376,DOWN,CORRECT
HDFCBANK,2025-12-09,997.0999755859376,DOWN,0.660874605178833,994.2999877929688,DOWN,CORRECT
HDFCBANK,2025-12-10,989.7999877929688,DOWN,0.6850720643997192,984.0,DOWN,CORRECT
HDFCBANK,2025-12-11,1000.2999877929688,DOWN,0.6934875845909119,979.7000122070312,DOWN,CORRECT
HDFCBANK,2025-12-12,1001.5,DOWN,0.7176880836486816,985.5,DOWN,CORRECT
HDFCBANK,2025-12-15,996.0999755859376,DOWN,0.7317479252815247,987.7000122070312,DOWN,CORRECT
HDFCBANK,2025-12-16,994.2999877929688,DOWN,0.7176880836486816,996.5999755859376,UP,WRONG
HDFCBANK,2025-12-17,984.0,DOWN,0.7604235410690308,997.2000122070312,UP,WRONG
HDFCBANK,2025-12-18,979.7000122070312,DOWN,0.7604235410690308,992.0999755859376,UP,WRONG
HDFCBANK,2025-12-19,985.5,DOWN,0.7604235410690308,991.7000122070312,UP,WRONG
HDFCBANK,2025-12-22,987.7000122070312,DOWN,0.7604235410690308,990.9000244140624,UP,WRONG
HDFCBANK,2025-12-23,996.5999755859376,DOWN,0.7675088047981262,991.2000122070312,DOWN,CORRECT
INFY,2025-07-30,1519.0,DOWN,0.5708117485046387,1436.699951171875,DOWN,CORRECT
INFY,2025-07-31,1509.0,DOWN,0.5575300455093384,1436.9000244140625,DOWN,CORRECT
INFY,2025-08-01,1469.5999755859375,DOWN,0.5549936294555664,1423.0999755859375,DOWN,CORRECT
INFY,2025-08-04,1480.5,DOWN,0.5549936294555664,1428.199951171875,DOWN,CORRECT
INFY,2025-08-05,1460.300048828125,DOWN,0.5396503210067749,1424.0999755859375,DOWN,CORRECT
INFY,2025-08-06,1436.699951171875,DOWN,0.5335289835929871,1426.5999755859375,DOWN,CORRECT
INFY,2025-08-07,1436.9000244140625,DOWN,0.5335289835929871,1447.699951171875,UP,WRONG
INFY,2025-08-08,1423.0999755859375,DOWN,0.5335289835929871,1435.800048828125,UP,WRONG
INFY,2025-08-11,1428.199951171875,DOWN,0.5514488220214844,1440.0,UP,WRONG
INFY,2025-08-12,1424.0999755859375,DOWN,0.5335289835929871,1496.199951171875,UP,WRONG
INFY,2025-08-13,1426.5999755859375,UP,0.5301511883735657,1496.4000244140625,UP,CORRECT
INFY,2025-08-14,1447.699951171875,UP,0.5533280968666077,1487.5,UP,CORRECT
INFY,2025-08-18,1435.800048828125,UP,0.5833088159561157,1532.0999755859375,UP,CORRECT
INFY,2025-08-19,1440.0,UP,0.5808091759681702,1529.5999755859375,UP,CORRECT
INFY,2025-08-20,1496.199951171875,UP,0.5375434756278992,1500.0999755859375,UP,CORRECT
INFY,2025-08-21,1496.4000244140625,UP,0.5349881052970886,1469.5999755859375,DOWN,WRONG
INFY,2025-08-22,1487.5,UP,0.5349881052970886,1499.4000244140625,UP,CORRECT
INFY,2025-08-25,1532.0999755859375,UP,0.5580498576164246,1498.699951171875,DOWN,WRONG
INFY,2025-08-26,1529.5999755859375,UP,0.5669582486152649,1479.0999755859375,DOWN,WRONG
INFY,2025-08-28,1500.0999755859375,UP,0.5555141568183899,1463.0,DOWN,WRONG
INFY,2025-08-29,1469.5999755859375,UP,0.5715250968933105,1444.5999755859375,DOWN,WRONG
INFY,2025-09-01,1499.4000244140625,UP,0.5592588186264038,1432.9000244140625,DOWN,WRONG
INFY,2025-09-02,1498.699951171875,UP,0.5660699009895325,1504.300048828125,UP,CORRECT
INFY,2025-09-03,1479.0999755859375,UP,0.5660699009895325,1532.5999755859375,UP,CORRECT
INFY,2025-09-04,1463.0,UP,0.5690069794654846,1509.699951171875,UP,CORRECT
INFY,2025-09-05,1444.5999755859375,UP,0.5804850459098816,1525.5999755859375,UP,CORRECT
INFY,2025-09-08,1432.9000244140625,UP,0.5804850459098816,1508.4000244140625,UP,CORRECT
INFY,2025-09-09,1504.300048828125,UP,0.556663990020752,1511.300048828125,UP,CORRECT
INFY,2025-09-10,1532.5999755859375,UP,0.5685921907424927,1522.4000244140625,DOWN,WRONG
INFY,2025-09-11,1509.699951171875,UP,0.5685921907424927,1540.5999755859375,UP,CORRECT
INFY,2025-09-12,1525.5999755859375,UP,0.5738781690597534,1540.199951171875,UP,CORRECT
INFY,2025-09-15,1508.4000244140625,UP,0.5780645608901978,1499.5,DOWN,WRONG
INFY,2025-09-16,1511.300048828125,UP,0.580568790435791,1497.5,DOWN,WRONG
INFY,2025-09-17,1522.4000244140625,UP,0.6018381714820862,1494.5999755859375,DOWN,WRONG
INFY,2025-09-18,1540.5999755859375,UP,0.60797119140625,1484.800048828125,DOWN,WRONG
INFY,2025-09-19,1540.199951171875,UP,0.6102182865142822,1448.9000244140625,DOWN,WRONG
INFY,2025-09-22,1499.5,UP,0.6243041753768921,1441.800048828125,DOWN,WRONG
INFY,2025-09-23,1497.5,UP,0.6042978763580322,1441.800048828125,DOWN,WRONG
INFY,2025-09-24,1494.5999755859375,UP,0.6018381714820862,1445.800048828125,DOWN,WRONG
INFY,2025-09-25,1484.800048828125,UP,0.580568790435791,1446.5999755859375,DOWN,WRONG
INFY,2025-09-26,1448.9000244140625,UP,0.586112380027771,1476.0,UP,CORRECT
INFY,2025-09-29,1441.800048828125,UP,0.586112380027771,1458.5,UP,CORRECT
INFY,2025-09-30,1441.800048828125,UP,0.5878132581710815,1495.0,UP,CORRECT
INFY,2025-10-01,1445.800048828125,UP,0.5853214263916016,1509.300048828125,UP,CORRECT
INFY,2025-10-03,1446.5999755859375,UP,0.5853214263916016,1514.9000244140625,UP,CORRECT
INFY,2025-10-06,1476.0,UP,0.5641561150550842,1493.199951171875,UP,CORRECT
INFY,2025-10-07,1458.5,UP,0.5738784670829773,1489.9000244140625,UP,CORRECT
INFY,2025-10-08,1495.0,UP,0.5641561150550842,1474.4000244140625,DOWN,WRONG
INFY,2025-10-09,1509.300048828125,UP,0.5734649300575256,1471.5,DOWN,WRONG
INFY,2025-10-10,1514.9000244140625,UP,0.5709496140480042,1441.0999755859375,DOWN,WRONG
INFY,2025-10-13,1493.199951171875,UP,0.5880824327468872,1460.9000244140625,DOWN,WRONG
INFY,2025-10-14,1489.9000244140625,UP,0.5880824327468872,1472.4000244140625,DOWN,WRONG
INFY,2025-10-15,1474.4000244140625,UP,0.5709496140480042,1528.5,UP,CORRECT
INFY,2025-10-16,1471.5,UP,0.5776870846748352,1525.4000244140625,UP,CORRECT
INFY,2025-10-17,1441.0999755859375,UP,0.5996506810188293,1504.5,UP,CORRECT
INFY,2025-10-20,1460.9000244140625,UP,0.579434335231781,1500.199951171875,UP,CORRECT
INFY,2025-10-21,1472.4000244140625,UP,0.579159140586853,1510.4000244140625,UP,CORRECT
INFY,2025-10-23,1528.5,UP,0.607158899307251,1493.800048828125,DOWN,WRONG
INFY,2025-10-24,1525.4000244140625,UP,0.5854048728942871,1482.300048828125,DOWN,WRONG
INFY,2025-10-27,1504.5,UP,0.5854048728942871,1485.5,DOWN,WRONG
INFY,2025-10-28,1500.199951171875,UP,0.5854048728942871,1467.9000244140625,DOWN,WRONG
INFY,2025-10-29,1510.4000244140625,UP,0.6065952181816101,1466.699951171875,DOWN,WRONG
INFY,2025-10-30,1493.800048828125,UP,0.6065952181816101,1476.800048828125,DOWN,WRONG
INFY,2025-10-31,1482.300048828125,UP,0.5829088091850281,1513.5,UP,CORRECT
INFY,2025-11-03,1485.5,UP,0.5895591974258423,1530.300048828125,UP,CORRECT
INFY,2025-11-04,1467.9000244140625,UP,0.605506420135498,1551.699951171875,UP,CORRECT
INFY,2025-11-06,1466.699951171875,UP,0.5933400392532349,1541.800048828125,UP,CORRECT
INFY,2025-11-07,1476.800048828125,UP,0.580157458782196,1502.800048828125,UP,CORRECT
INFY,2025-11-10,1513.5,UP,0.5905693769454956,1507.5999755859375,DOWN,WRONG
INFY,2025-11-11,1530.300048828125,UP,0.5870110988616943,1486.4000244140625,DOWN,WRONG
INFY,2025-11-12,1551.699951171875,UP,0.542799174785614,1541.0999755859375,DOWN,WRONG
INFY,2025-11-13,1541.800048828125,UP,0.6438292264938354,1536.5,DOWN,WRONG
INFY,2025-11-14,1502.800048828125,UP,0.6214104890823364,1545.0,UP,CORRECT
INFY,2025-11-17,1507.5999755859375,UP,0.6127020716667175,1548.0,UP,CORRECT
INFY,2025-11-18,1486.4000244140625,UP,0.6127020716667175,1530.5999755859375,UP,CORRECT
INFY,2025-11-19,1541.0999755859375,UP,0.6155765652656555,1557.9000244140625,UP,CORRECT
INFY,2025-11-20,1536.5,UP,0.6214104890823364,1566.4000244140625,UP,CORRECT
INFY,2025-11-21,1545.0,UP,0.6214104890823364,1560.0999755859375,UP,CORRECT
INFY,2025-11-24,1548.0,UP,0.6243420243263245,1564.0,UP,CORRECT
INFY,2025-11-25,1530.5999755859375,UP,0.6116212606430054,1561.0,UP,CORRECT
INFY,2025-11-26,1557.9000244140625,UP,0.6116212606430054,1578.699951171875,UP,CORRECT
INFY,2025-11-27,1566.4000244140625,UP,0.6031826138496399,1597.5999755859375,UP,CORRECT
INFY,2025-11-28,1560.0999755859375,UP,0.6091775894165039,1616.199951171875,UP,CORRECT
INFY,2025-12-01,1564.0,UP,0.6098440885543823,1610.800048828125,UP,CORRECT
INFY,2025-12-02,1561.0,UP,0.6214332580566406,1599.0,UP,CORRECT
INFY,2025-12-03,1578.699951171875,UP,0.5606780648231506,1584.800048828125,UP,CORRECT
INFY,2025-12-04,1597.5999755859375,UP,0.5567048788070679,1598.0,UP,CORRECT
INFY,2025-12-05,1616.199951171875,UP,0.55653977394104,1598.199951171875,DOWN,WRONG
INFY,2025-12-08,1610.800048828125,UP,0.55653977394104,1606.800048828125,DOWN,WRONG
INFY,2025-12-09,1599.0,UP,0.5570436716079712,1592.9000244140625,DOWN,WRONG
INFY,2025-12-10,1584.800048828125,UP,0.5772410035133362,1602.0,UP,CORRECT
INFY,2025-12-11,1598.0,DOWN,0.507331132888794,1626.800048828125,UP,WRONG
INFY,2025-12-12,1598.199951171875,DOWN,0.5691879987716675,1638.699951171875,UP,WRONG
INFY,2025-12-15,1606.800048828125,DOWN,0.5834959745407104,1689.5999755859375,UP,WRONG
INFY,2025-12-16,1592.9000244140625,DOWN,0.5245041847229004,1668.300048828125,UP,WRONG
INFY,2025-12-17,1602.0,DOWN,0.5245041847229004,1663.4000244140625,UP,WRONG
INFY,2025-12-18,1626.800048828125,DOWN,0.5864863991737366,1656.0999755859375,UP,WRONG
INFY,2025-12-19,1638.699951171875,DOWN,0.5739648342132568,1644.699951171875,UP,WRONG
INFY,2025-12-22,1689.5999755859375,DOWN,0.564416766166687,1621.5999755859375,DOWN,CORRECT
INFY,2025-12-23,1668.300048828125,DOWN,0.5931196212768555,1615.4000244140625,DOWN,CORRECT
ICICIBANK,2025-07-30,1482.4000244140625,DOWN,0.9171524377982283,1443.5999755859375,DOWN,CORRECT
ICICIBANK,2025-07-31,1481.4000244140625,DOWN,0.9092583757199556,1440.300048828125,DOWN,CORRECT
ICICIBANK,2025-08-01,1471.5999755859375,DOWN,0.9006804752539963,1435.9000244140625,DOWN,CORRECT
ICICIBANK,2025-08-04,1463.199951171875,DOWN,0.885528960102481,1436.5999755859375,DOWN,CORRECT
ICICIBANK,2025-08-05,1444.4000244140625,DOWN,0.8521819149943569,1422.0,DOWN,CORRECT
ICICIBANK,2025-08-06,1443.5999755859375,DOWN,0.8719096522102409,1420.800048828125,DOWN,CORRECT
ICICIBANK,2025-08-07,1440.300048828125,DOWN,0.8248631068825035,1427.300048828125,DOWN,CORRECT
ICICIBANK,2025-08-08,1435.9000244140625,DOWN,0.7270584143044652,1434.5999755859375,DOWN,CORRECT
ICICIBANK,2025-08-11,1436.5999755859375,DOWN,0.674243646472157,1436.300048828125,DOWN,CORRECT
ICICIBANK,2025-08-12,1422.0,DOWN,0.5962783808344079,1430.5999755859375,UP,WRONG
ICICIBANK,2025-08-13,1420.800048828125,DOWN,0.5047855152020795,1446.0,UP,WRONG
ICICIBANK,2025-08-14,1427.300048828125,DOWN,0.537175393083379,1436.4000244140625,UP,WRONG
ICICIBANK,2025-08-18,1434.5999755859375,DOWN,0.6457462690825255,1433.199951171875,DOWN,CORRECT
ICICIBANK,2025-08-19,1436.300048828125,DOWN,0.687305781221287,1416.5999755859375,DOWN,CORRECT
ICICIBANK,2025-08-20,1430.5999755859375,DOWN,0.6755184032252842,1399.0999755859375,DOWN,CORRECT
ICICIBANK,2025-08-21,1446.0,DOWN,0.7365288568565326,1397.800048828125,DOWN,CORRECT
ICICIBANK,2025-08-22,1436.4000244140625,DOWN,0.7498934889470097,1411.0,DOWN,CORRECT
ICICIBANK,2025-08-25,1433.199951171875,DOWN,0.7244609600876823,1394.199951171875,DOWN,CORRECT
ICICIBANK,2025-08-26,1416.5999755859375,DOWN,0.6000832524664682,1397.0,DOWN,CORRECT
ICICIBANK,2025-08-28,1399.0999755859375,DOWN,0.5664401519482184,1405.5,UP,WRONG
ICICIBANK,2025-08-29,1397.800048828125,DOWN,0.5543476664688296,1402.800048828125,UP,WRONG
ICICIBANK,2025-09-01,1411.0,DOWN,0.6612257604904552,1402.699951171875,DOWN,CORRECT
ICICIBANK,2025-09-02,1394.199951171875,DOWN,0.5446204074590628,1403.699951171875,UP,WRONG
ICICIBANK,2025-09-03,1397.0,DOWN,0.5538122223713943,1403.9000244140625,UP,WRONG
ICICIBANK,2025-09-04,1405.5,DOWN,0.6220443576750047,1401.5999755859375,DOWN,CORRECT
ICICIBANK,2025-09-05,1402.800048828125,DOWN,0.5913433374815035,1417.699951171875,UP,WRONG
ICICIBANK,2025-09-08,1402.699951171875,DOWN,0.6063619827706406,1419.4000244140625,UP,WRONG
ICICIBANK,2025-09-09,1403.699951171875,DOWN,0.5939348572645676,1421.5999755859375,UP,WRONG
ICICIBANK,2025-09-10,1403.9000244140625,DOWN,0.5627237227543698,1419.199951171875,UP,WRONG
ICICIBANK,2025-09-11,1401.5999755859375,DOWN,0.578110956865288,1421.699951171875,UP,WRONG
ICICIBANK,2025-09-12,1417.699951171875,DOWN,0.7563849814426442,1402.199951171875,DOWN,CORRECT
ICICIBANK,2025-09-15,1419.4000244140625,DOWN,0.7606619740276023,1401.5,DOWN,CORRECT
ICICIBANK,2025-09-16,1421.5999755859375,DOWN,0.7212554026941339,1394.300048828125,DOWN,CORRECT
ICICIBANK,2025-09-17,1419.199951171875,DOWN,0.7489573910652397,1382.699951171875,DOWN,CORRECT
ICICIBANK,2025-09-18,1421.699951171875,DOWN,0.7115379602811948,1375.800048828125,DOWN,CORRECT
ICICIBANK,2025-09-19,1402.199951171875,DOWN,0.6655387609339133,1359.5999755859375,DOWN,CORRECT
ICICIBANK,2025-09-22,1401.5,DOWN,0.6601941404445182,1348.0999755859375,DOWN,CORRECT
ICICIBANK,2025-09-23,1394.300048828125,DOWN,0.633459426783874,1348.0,DOWN,CORRECT
ICICIBANK,2025-09-24,1382.699951171875,DOWN,0.5738621745945037,1372.0,DOWN,CORRECT
ICICIBANK,2025-09-25,1375.800048828125,DOWN,0.5442135751722698,1365.199951171875,DOWN,CORRECT
ICICIBANK,2025-09-26,1359.5999755859375,DOWN,0.5264889334953325,1363.4000244140625,UP,WRONG
ICICIBANK,2025-09-29,1348.0999755859375,DOWN,0.5162884672948663,1375.9000244140625,UP,WRONG
ICICIBANK,2025-09-30,1348.0,UP,0.5375624218284948,1370.300048828125,UP,CORRECT
ICICIBANK,2025-10-01,1372.0,DOWN,0.5306981268132889,1376.199951171875,UP,WRONG
ICICIBANK,2025-10-03,1365.199951171875,DOWN,0.5057613857982667,1380.300048828125,UP,WRONG
ICICIBANK,2025-10-06,1363.4000244140625,UP,0.504158365075592,1379.4000244140625,UP,CORRECT
ICICIBANK,2025-10-07,1375.9000244140625,DOWN,0.6357129766572321,1384.0999755859375,UP,WRONG
ICICIBANK,2025-10-08,1370.300048828125,DOWN,0.5982922209228679,1398.4000244140625,UP,WRONG
ICICIBANK,2025-10-09,1376.199951171875,DOWN,0.6378588403990519,1417.300048828125,UP,WRONG
ICICIBANK,2025-10-10,1380.300048828125,DOWN,0.6821468950344751,1436.5999755859375,UP,WRONG
ICICIBANK,2025-10-13,1379.4000244140625,DOWN,0.7209261393539669,1390.300048828125,UP,WRONG
ICICIBANK,2025-10-14,1384.0999755859375,DOWN,0.7476093435344862,1382.0,DOWN,CORRECT
ICICIBANK,2025-10-15,1398.4000244140625,DOWN,0.7611638441552067,1363.699951171875,DOWN,CORRECT
ICICIBANK,2025-10-16,1417.300048828125,DOWN,0.7556679726090817,1377.699951171875,DOWN,CORRECT
ICICIBANK,2025-10-17,1436.5999755859375,DOWN,0.7711798783579122,1377.5999755859375,DOWN,CORRECT
ICICIBANK,2025-10-20,1390.300048828125,DOWN,0.716340490922742,1363.0999755859375,DOWN,CORRECT
ICICIBANK,2025-10-21,1382.0,DOWN,0.7274038669233583,1370.4000244140625,DOWN,CORRECT
ICICIBANK,2025-10-23,1363.699951171875,DOWN,0.6657067491782592,1362.4000244140625,DOWN,CORRECT
ICICIBANK,2025-10-24,1377.699951171875,DOWN,0.695012173842158,1345.300048828125,DOWN,CORRECT
ICICIBANK,2025-10-27,1377.5999755859375,DOWN,0.7111144025375351,1346.4000244140625,DOWN,CORRECT
ICICIBANK,2025-10-28,1363.0999755859375,DOWN,0.6529414204824853,1336.9000244140625,DOWN,CORRECT
ICICIBANK,2025-10-29,1370.4000244140625,DOWN,0.7025193728769937,1320.4000244140625,DOWN,CORRECT
ICICIBANK,2025-10-30,1362.4000244140625,DOWN,0.6730730572330667,1343.0,DOWN,CORRECT
ICICIBANK,2025-10-31,1345.300048828125,DOWN,0.5883426332515689,1348.0,UP,WRONG
ICICIBANK,2025-11-03,1346.4000244140625,DOWN,0.5920087959841461,1358.300048828125,UP,WRONG
ICICIBANK,2025-11-04,1336.9000244140625,UP,0.5642183635845243,1358.9000244140625,UP,CORRECT
ICICIBANK,2025-11-06,1320.4000244140625,UP,0.5054907153555602,1385.9000244140625,UP,CORRECT
ICICIBANK,2025-11-07,1343.0,DOWN,0.5832125294021607,1373.0,UP,WRONG
ICICIBANK,2025-11-10,1348.0,DOWN,0.6367184245107562,1379.0,UP,WRONG
ICICIBANK,2025-11-11,1358.300048828125,DOWN,0.7272239547970801,1373.4000244140625,UP,WRONG
ICICIBANK,2025-11-12,1358.9000244140625,DOWN,0.7053125210296094,1383.0999755859375,UP,WRONG
ICICIBANK,2025-11-13,1385.9000244140625,DOWN,0.7560723765873075,1383.0,DOWN,CORRECT
ICICIBANK,2025-11-14,1373.0,DOWN,0.7214568660055042,1369.5,DOWN,CORRECT
ICICIBANK,2025-11-17,1379.0,DOWN,0.7445866497208142,1368.4000244140625,DOWN,CORRECT
ICICIBANK,2025-11-18,1373.4000244140625,DOWN,0.7294627854560198,1357.800048828125,DOWN,CORRECT
ICICIBANK,2025-11-19,1383.0999755859375,DOWN,0.7754680105241505,1375.0,DOWN,CORRECT
ICICIBANK,2025-11-20,1383.0,DOWN,0.7425151590278207,1392.199951171875,UP,WRONG
ICICIBANK,2025-11-21,1369.5,DOWN,0.7061801275630439,1388.800048828125,UP,WRONG
ICICIBANK,2025-11-24,1368.4000244140625,DOWN,0.7054922767833254,1390.0999755859375,UP,WRONG
ICICIBANK,2025-11-25,1357.800048828125,DOWN,0.7030987072644582,1373.0,UP,WRONG
ICICIBANK,2025-11-26,1375.0,DOWN,0.6869921461919024,1391.5,UP,WRONG
ICICIBANK,2025-11-27,1392.199951171875,DOWN,0.735823085679154,1386.699951171875,DOWN,CORRECT
ICICIBANK,2025-11-28,1388.800048828125,DOWN,0.7283997325953888,1392.5,UP,WRONG
ICICIBANK,2025-12-01,1390.0999755859375,DOWN,0.7909144678601241,1389.5999755859375,DOWN,CORRECT
ICICIBANK,2025-12-02,1373.0,DOWN,0.8132998549292669,1375.199951171875,UP,WRONG
ICICIBANK,2025-12-03,1391.5,DOWN,0.8098521967978529,1363.5999755859375,DOWN,CORRECT
ICICIBANK,2025-12-04,1386.699951171875,DOWN,0.8172537951994515,1360.0,DOWN,CORRECT
ICICIBANK,2025-12-05,1392.5,DOWN,0.8497419015470016,1366.0,DOWN,CORRECT
ICICIBANK,2025-12-08,1389.5999755859375,DOWN,0.8418531040050865,1365.199951171875,DOWN,CORRECT
ICICIBANK,2025-12-09,1375.199951171875,DOWN,0.8374279813633636,1366.0,DOWN,CORRECT
ICICIBANK,2025-12-10,1363.5999755859375,DOWN,0.7559091721760157,1352.4000244140625,DOWN,CORRECT
ICICIBANK,2025-12-11,1360.0,DOWN,0.7353351863909965,1356.800048828125,DOWN,CORRECT
ICICIBANK,2025-12-12,1366.0,DOWN,0.7423861907622725,1354.0999755859375,DOWN,CORRECT
ICICIBANK,2025-12-15,1365.199951171875,DOWN,0.7067547829506589,1368.5,UP,WRONG
ICICIBANK,2025-12-16,1366.0,DOWN,0.6940637003965712,1363.0,DOWN,CORRECT
ICICIBANK,2025-12-17,1352.4000244140625,DOWN,0.6248137130377487,1359.800048828125,UP,WRONG
ICICIBANK,2025-12-18,1356.800048828125,DOWN,0.6760589727036893,1350.4000244140625,DOWN,CORRECT
ICICIBANK,2025-12-19,1354.0999755859375,DOWN,0.6584186486055876,1343.300048828125,DOWN,CORRECT
ICICIBANK,2025-12-22,1368.5,DOWN,0.7166378587342196,1342.5,DOWN,CORRECT
ICICIBANK,2025-12-23,1363.0,DOWN,0.6799316602895948,1342.9000244140625,DOWN,CORRECT
